{
    "tile_size": 1.0,
    "block_size": 0.1,
    "tiles": [
        {
            "x": -106,
            "y": 55,
            "index": 12674
        }
    ],
    "pixel_size": 0.00025,
    "layers": [
        {
            "name": "initial_age",
            "type": "VectorLayer"
        },
        {
            "name": "mean_annual_temperature",
            "type": "VectorLayer"
        },
        {
            "name": "Classifier1",
            "type": "VectorLayer",
            "tags": [
                "classifier"
            ]
        },
        {
            "name": "Classifier2",
            "type": "VectorLayer",
            "tags": [
                "classifier"
            ]
        },
        {
            "name": "disturbances_2011",
            "type": "DisturbanceLayer",
            "tags": [
                "disturbance"
            ]
        },
        {
            "name": "disturbances_2012",
            "type": "DisturbanceLayer",
            "tags": [
                "disturbance"
            ]
        },
        {
            "name": "disturbances_2013",
            "type": "DisturbanceLayer",
            "tags": [
                "disturbance"
            ]
        },
        {
            "name": "disturbances_2014",
            "type": "DisturbanceLayer",
            "tags": [
                "disturbance"
            ]
        },
        {
            "name": "disturbances_2015",
            "type": "DisturbanceLayer",
            "tags": [
                "disturbance"
            ]
        },
        {
            "name": "disturbances_2016",
            "type": "DisturbanceLayer",
            "tags": [
                "disturbance"
            ]
        },
        {
            "name": "disturbances_2018",
            "type": "DisturbanceLayer",
            "tags": [
                "disturbance"
            ]
        }
    ]
}