{
	"Pools": {
		"AboveGroundFastSoil": 0.0,
        "AboveGroundSlowSoil": 0.0,
        "AboveGroundVeryFastSoil": 0.0,
        "Atmosphere": 0.0,
        "BelowGroundFastSoil": 0.0,
        "BelowGroundSlowSoil": 0.0,
        "BelowGroundVeryFastSoil": 0.0,
        "BlackCarbon": 0.0,
        "CH4": 0.0,
        "CO": 0.0,
        "CO2": 0.0,
        "DissolvedOrganicCarbon": 0.0,
        "HardwoodBranchSnag": 0.0,
        "HardwoodCoarseRoots": 0.0,
        "HardwoodFineRoots": 0.0,
        "HardwoodFoliage": 0.0,
        "HardwoodMerch": 0.0,
        "HardwoodOther": 0.0,
        "HardwoodStemSnag": 0.0,
        "MediumSoil": 0.0,
        "NO2": 0.0,
        "Peat": 0.0,
        "Products": 0.0,
        "SoftwoodBranchSnag": 0.0,
        "SoftwoodCoarseRoots": 0.0,
        "SoftwoodFineRoots": 0.0,
        "SoftwoodFoliage": 0.0,
        "SoftwoodMerch": 0.0,
        "SoftwoodOther": 0.0,
        "SoftwoodStemSnag": 0.0	
    }
}