{
    "Spinup": {
        "enabled": true,
        "sequencer_library": "moja.modules.cbm",
        "simulateLandUnit": "simulateLandUnit",
        "landUnitBuildSuccess": "landUnitBuildSuccess",
        "sequencer": "CBMSpinupSequencer"
    },
    "SpinupVariables": {
        "delay": 0,
        "minimum_rotation": 10,
        "run_delay": false
    },
    "Variables": {
        "spinup_parameters": {
            "transform": {
                "queryString": "SELECT s.return_interval AS return_interval, s.max_rotations AS max_rotations, dt.name AS historic_disturbance_type, dt.name AS last_pass_disturbance_type, s.mean_annual_temperature AS mean_annual_temperature, 0 as delay FROM spinup_parameter s INNER JOIN disturbance_type dt ON s.historic_disturbance_type_id = dt.id INNER JOIN spatial_unit spu ON spu.spinup_parameter_id = s.id INNER JOIN admin_boundary a ON spu.admin_boundary_id = a.id INNER JOIN eco_boundary e ON spu.eco_boundary_id = e.id WHERE a.name = {var:admin_boundary} AND e.name = {var:eco_boundary}",
                "type": "SQLQueryTransform",
                "library": "internal.flint",
                "provider": "SQLite"
            }
        }
    },
    "SpinupModules": {
        "CBMSpinupSequencer": {
            "create_new": true,
            "library": "moja.modules.cbm",
            "order": 1
        },
        "CBMBuildLandUnitModule": {
            "create_new": true,
            "library": "moja.modules.cbm",
            "order": 2
        },
        "CBMGrowthModule": {
            "create_new": true,
            "library": "moja.modules.cbm",
            "order": 3
        },
        "CBMDecayModule": {
            "create_new": true,
            "library": "moja.modules.cbm",
            "order": 4
        },
        "TransactionManagerAfterSubmitModule": {
            "create_new": true,
            "library": "internal.flint",
            "order": 5
        },
        "CBMSpinupDisturbanceModule": {
            "create_new": true,
            "library": "moja.modules.cbm",
            "order": 6
        }
    }
}